tokenizer,display_name,vocab_size,lang,fertility,cpt,compression_ratio,strr,nsl,parity
openai-community/gpt2,GPT-2,50257,en,1.6269009162180033,5.049400241323018,5.0535879054581585,0.6055539812978181,0.198043322416047,1.0
openai-community/gpt2,GPT-2,50257,zh,34.45126488095238,0.61697213370688,1.4940546205008662,0.31547619047619047,1.6208187458837395,6.637660586272979
openai-community/gpt2,GPT-2,50257,ja,91.07829977628636,0.6696752942696139,1.9285114559281804,0.1528709917971663,1.4932610006027727,8.791681453616297
openai-community/gpt2,GPT-2,50257,ar,5.867158138190228,1.0034742124533556,1.8154573209961749,0.009106678230702514,0.9965378159097268,6.0676414223862585
openai-community/gpt2,GPT-2,50257,hi,8.264253477019434,0.6582879085472161,1.673360845673427,0.026066132449111174,1.5190921586375674,6.4323940662928525
openai-community/gpt2,GPT-2,50257,de,2.6329954561342186,2.6103896103896105,2.6586870840602184,0.28617616218105557,0.38308457711442784,2.19703314642629
openai-community/gpt2,GPT-2,50257,tr,3.700963909437346,2.021730970584168,2.23117801615994,0.11933049391018456,0.49462565225038596,3.5928028958762157
openai-community/gpt2,GPT-2,50257,ko,8.702610114192495,0.5020345379586654,1.1690499825611032,0.011256117455138662,1.9918948287225893,7.936617219107105
openai-community/gpt2,GPT-2,50257,th,53.90500281056774,0.52320558489948,1.4990582647504402,0.056211354693648116,1.9112945825915129,6.933920079494642
openai-community/gpt2,GPT-2,50257,ru,7.157122098438839,0.9503565002998601,1.718355243743396,0.15008010730653154,1.0522367129434862,14.912201007878487
openai-community/gpt2,GPT-2,50257,fr,2.3473586408282454,2.974026728646136,3.082626380011621,0.3776214494292541,0.3362444561670867,1.2215203350131307
openai-community/gpt2,GPT-2,50257,es,2.189189189189189,2.8815552441953565,2.937399919935949,0.42166469258102723,0.34703481809499004,1.4184115267229753
openai-community/gpt2,GPT-2,50257,pt,2.4428971308607417,2.7354907412885288,2.8226646157486837,0.34345696291112665,0.36556511959859855,2.399460572077507
openai-community/gpt2,GPT-2,50257,vi,3.8798158468621273,1.210869520498632,1.563799806636085,0.07026896050399806,0.825852813264474,3.450422315281425
openai-community/gpt2,GPT-2,50257,id,2.7972698555956677,2.6856678814767867,2.6878070036444304,0.14553249097472923,0.3723468590055607,1.7917524309745192
meta-llama/Llama-2-7b-hf,Llama-2-7B,32000,en,1.524416737508265,4.274529832361954,4.278074866310161,0.701898554831397,0.23394385797219605,1.0
meta-llama/Llama-2-7b-hf,Llama-2-7B,32000,zh,24.133928571428573,0.8770292454550982,2.1238067732717214,0.35788690476190477,1.1402128323338765,3.9528931082136634
meta-llama/Llama-2-7b-hf,Llama-2-7B,32000,ja,70.79120059656972,0.8673693456302152,2.4978250413033023,0.15137956748695003,1.1529113924050634,5.746199603436881
meta-llama/Llama-2-7b-hf,Llama-2-7B,32000,ar,5.4797629372651055,1.12468206728374,2.034743162807772,0.004553339115351257,0.8891401659983214,4.582947785855915
meta-llama/Llama-2-7b-hf,Llama-2-7B,32000,hi,5.729206963249516,0.9507402508406508,2.4167715820172435,0.02321083172147002,1.0518119950383855,3.770293817220453
meta-llama/Llama-2-7b-hf,Llama-2-7B,32000,de,2.0613421880461376,3.267896141713176,3.328358812585942,0.49685424676686474,0.30600727704759784,1.4856696509042842
meta-llama/Llama-2-7b-hf,Llama-2-7B,32000,tr,3.7051483224986925,2.049670532155661,2.262012057121112,0.11208249271463798,0.4878832887099611,3.0
meta-llama/Llama-2-7b-hf,Llama-2-7B,32000,ko,6.385154975530179,0.7082907503438182,1.6493432756728112,0.01035889070146819,1.411849582271942,4.762182298864388
meta-llama/Llama-2-7b-hf,Llama-2-7B,32000,th,30.310286677908937,0.9426442653486528,2.700809619534146,0.03316469926925239,1.060845577446051,3.2580063690440424
meta-llama/Llama-2-7b-hf,Llama-2-7B,32000,ru,2.663921904690935,2.6174296051596664,4.732617586912065,0.29118074443906256,0.38205420998858103,4.583548639067476
meta-llama/Llama-2-7b-hf,Llama-2-7B,32000,fr,1.8948765595964958,3.442030934767989,3.567720242098184,0.55110167241837,0.29052615126116094,0.8934687255903383
meta-llama/Llama-2-7b-hf,Llama-2-7B,32000,es,1.840099063206633,3.2622365737593473,3.3254588715159756,0.5545386023473673,0.3065381609794217,1.060626089046446
meta-llama/Llama-2-7b-hf,Llama-2-7B,32000,pt,1.9680895731280617,3.2120875303924974,3.3144494616186178,0.49223233030090974,0.3113240192049829,1.7298563960824371
meta-llama/Llama-2-7b-hf,Llama-2-7B,32000,vi,2.9002503836523705,1.606857205252095,2.075205415881855,0.09845731362571683,0.6223328350095134,2.201105569909271
meta-llama/Llama-2-7b-hf,Llama-2-7B,32000,id,2.8564981949458486,2.626772568771794,2.6288647810925996,0.10333935018050541,0.38069531100196174,1.5508021390374331
meta-llama/Llama-3.1-8B,Llama-3.1-8B,128256,en,1.5539812978180787,5.142103361040839,5.146367907481026,0.6357797298573723,0.19447294808900634,1.0
meta-llama/Llama-3.1-8B,Llama-3.1-8B,128256,zh,14.322172619047619,1.4862957238536836,3.5992014425553838,0.3552827380952381,0.6728136157232486,2.8059269967473797
meta-llama/Llama-3.1-8B,Llama-3.1-8B,128256,ja,44.770320656226694,1.3710743801652892,3.9483801652892563,0.16480238627889635,0.7293550331525015,4.372967112396097
meta-llama/Llama-3.1-8B,Llama-3.1-8B,128256,ar,2.6715091066782306,2.679493987193503,4.847665156957676,0.1491037872217404,0.3732047934346731,2.3140585471629924
meta-llama/Llama-3.1-8B,Llama-3.1-8B,128256,hi,3.0270793036750483,1.8935440868406017,4.813368882117691,0.07792207792207792,0.5281102283013175,2.277267799060354
meta-llama/Llama-3.1-8B,Llama-3.1-8B,128256,de,2.272369800768962,3.522165555119655,3.5873327230722287,0.3365955959454736,0.2839162396970372,1.6581857607517168
meta-llama/Llama-3.1-8B,Llama-3.1-8B,128256,tr,2.7485616080101622,3.3847527699685793,3.735405986439557,0.15833520137487858,0.2954425531083273,2.1853993494759667
meta-llama/Llama-3.1-8B,Llama-3.1-8B,128256,ko,3.0158238172920067,1.5868219464623907,3.695112643808124,0.09045676998368679,0.630190426991111,2.5570654138055655
meta-llama/Llama-3.1-8B,Llama-3.1-8B,128256,th,12.754918493535694,2.204952331650921,6.317501402010267,0.12872400224845418,0.45352454365816913,1.6755330683050236
meta-llama/Llama-3.1-8B,Llama-3.1-8B,128256,ru,2.8697045344461416,3.013174375613069,5.448170225609296,0.2138306196207012,0.3318759140172687,4.789663895916155
meta-llama/Llama-3.1-8B,Llama-3.1-8B,128256,fr,2.0653039554021766,3.7267365661861076,3.8628221930974225,0.4283249269976108,0.2683312818709337,0.9926996747379834
meta-llama/Llama-3.1-8B,Llama-3.1-8B,128256,es,1.9342091095079144,3.602665165165165,3.672484984984985,0.4520297189619899,0.2775722844490753,1.155330683050235
meta-llama/Llama-3.1-8B,Llama-3.1-8B,128256,pt,2.091322603219034,3.5532160147544762,3.6664489356797048,0.3790762771168649,0.2814351831826636,1.8811709432598482
meta-llama/Llama-3.1-8B,Llama-3.1-8B,128256,vi,2.1046765204749214,3.56513839258676,4.604263824117255,0.12155722477990469,0.28049402011416147,1.193422479219371
meta-llama/Llama-3.1-8B,Llama-3.1-8B,128256,id,2.4865749097472922,3.4712508320106497,3.474015667400543,0.16708032490974728,0.28808059353658716,1.411709432598482
Qwen/Qwen2.5-1.5B,Qwen2.5-1.5B,151665,en,1.566638330027392,5.093870829156523,5.098095374480883,0.635590818928875,0.19631436161988164,1.0
Qwen/Qwen2.5-1.5B,Qwen2.5-1.5B,151665,zh,12.116815476190476,1.7387819063978542,4.210619895729741,0.36235119047619047,0.5751152552948109,2.3759845338679653
Qwen/Qwen2.5-1.5B,Qwen2.5-1.5B,151665,ja,43.43549589858315,1.4081757376158626,4.055223576545683,0.16778523489932887,0.7101386377335744,4.217814692825433
Qwen/Qwen2.5-1.5B,Qwen2.5-1.5B,151665,ar,2.575744434807748,2.6227222697810935,4.744955362602421,0.2209453599306158,0.38128322297864403,2.3419733638837177
Qwen/Qwen2.5-1.5B,Qwen2.5-1.5B,151665,hi,4.49415123883209,1.0921972831459852,2.7763538500970304,0.03850050658561297,0.915585504039693,3.9110697407990833
Qwen/Qwen2.5-1.5B,Qwen2.5-1.5B,151665,de,2.294390073400909,3.465814532040834,3.5299390923908383,0.3461202376791332,0.2885324620677706,1.66933982528999
Qwen/Qwen2.5-1.5B,Qwen2.5-1.5B,151665,tr,2.970036613614287,2.910802662267478,3.2123556516297858,0.14361503399835612,0.3435478512380543,2.5173993985393097
Qwen/Qwen2.5-1.5B,Qwen2.5-1.5B,151665,ko,3.1130505709624794,1.4254119797882334,3.3192494223395883,0.0799347471451876,0.7015515613588186,2.8199198052413004
Qwen/Qwen2.5-1.5B,Qwen2.5-1.5B,151665,th,15.110736368746487,1.8255946853346667,5.230587899135653,0.1225407532321529,0.5477667129693033,2.0047257625662325
Qwen/Qwen2.5-1.5B,Qwen2.5-1.5B,151665,ru,3.0961287678378477,2.623896131202691,4.744309819175778,0.19620701218376244,0.38111264699401004,5.448661033939567
Qwen/Qwen2.5-1.5B,Qwen2.5-1.5B,151665,fr,2.061056543668702,3.693923210161663,3.828810623556582,0.43243960711441465,0.27071488580192643,0.9921237290562795
Qwen/Qwen2.5-1.5B,Qwen2.5-1.5B,151665,es,1.9865403251857434,3.508285609845254,3.57627634945778,0.44621513944223107,0.2850395068160111,1.1752828297293427
Qwen/Qwen2.5-1.5B,Qwen2.5-1.5B,151665,pt,2.1314205738278518,3.503144177589211,3.614781422835063,0.3778166550034989,0.28545784852286,1.8901618215666618
Qwen/Qwen2.5-1.5B,Qwen2.5-1.5B,151665,vi,2.1038688312737257,3.370783943194182,4.3532611807822255,0.12826104514982634,0.2966668931774939,1.250393813547186
Qwen/Qwen2.5-1.5B,Qwen2.5-1.5B,151665,id,2.52831678700361,3.3968134676085975,3.399519013978656,0.1641471119133574,0.2943935572370459,1.4291135615065158
Qwen/Qwen2.5-3B,Qwen2.5-3B,151665,en,1.566638330027392,5.093870829156523,5.098095374480883,0.635590818928875,0.19631436161988164,1.0
Qwen/Qwen2.5-3B,Qwen2.5-3B,151665,zh,12.116815476190476,1.7387819063978542,4.210619895729741,0.36235119047619047,0.5751152552948109,2.3759845338679653
Qwen/Qwen2.5-3B,Qwen2.5-3B,151665,ja,43.43549589858315,1.4081757376158626,4.055223576545683,0.16778523489932887,0.7101386377335744,4.217814692825433
Qwen/Qwen2.5-3B,Qwen2.5-3B,151665,ar,2.575744434807748,2.6227222697810935,4.744955362602421,0.2209453599306158,0.38128322297864403,2.3419733638837177
Qwen/Qwen2.5-3B,Qwen2.5-3B,151665,hi,4.49415123883209,1.0921972831459852,2.7763538500970304,0.03850050658561297,0.915585504039693,3.9110697407990833
Qwen/Qwen2.5-3B,Qwen2.5-3B,151665,de,2.294390073400909,3.465814532040834,3.5299390923908383,0.3461202376791332,0.2885324620677706,1.66933982528999
Qwen/Qwen2.5-3B,Qwen2.5-3B,151665,tr,2.970036613614287,2.910802662267478,3.2123556516297858,0.14361503399835612,0.3435478512380543,2.5173993985393097
Qwen/Qwen2.5-3B,Qwen2.5-3B,151665,ko,3.1130505709624794,1.4254119797882334,3.3192494223395883,0.0799347471451876,0.7015515613588186,2.8199198052413004
Qwen/Qwen2.5-3B,Qwen2.5-3B,151665,th,15.110736368746487,1.8255946853346667,5.230587899135653,0.1225407532321529,0.5477667129693033,2.0047257625662325
Qwen/Qwen2.5-3B,Qwen2.5-3B,151665,ru,3.0961287678378477,2.623896131202691,4.744309819175778,0.19620701218376244,0.38111264699401004,5.448661033939567
Qwen/Qwen2.5-3B,Qwen2.5-3B,151665,fr,2.061056543668702,3.693923210161663,3.828810623556582,0.43243960711441465,0.27071488580192643,0.9921237290562795
Qwen/Qwen2.5-3B,Qwen2.5-3B,151665,es,1.9865403251857434,3.508285609845254,3.57627634945778,0.44621513944223107,0.2850395068160111,1.1752828297293427
Qwen/Qwen2.5-3B,Qwen2.5-3B,151665,pt,2.1314205738278518,3.503144177589211,3.614781422835063,0.3778166550034989,0.28545784852286,1.8901618215666618
Qwen/Qwen2.5-3B,Qwen2.5-3B,151665,vi,2.1038688312737257,3.370783943194182,4.3532611807822255,0.12826104514982634,0.2966668931774939,1.250393813547186
Qwen/Qwen2.5-3B,Qwen2.5-3B,151665,id,2.52831678700361,3.3968134676085975,3.399519013978656,0.1641471119133574,0.2943935572370459,1.4291135615065158
Qwen/Qwen2.5-7B,Qwen2.5-7B,151665,en,1.566638330027392,5.093870829156523,5.098095374480883,0.635590818928875,0.19631436161988164,1.0
Qwen/Qwen2.5-7B,Qwen2.5-7B,151665,zh,12.116815476190476,1.7387819063978542,4.210619895729741,0.36235119047619047,0.5751152552948109,2.3759845338679653
Qwen/Qwen2.5-7B,Qwen2.5-7B,151665,ja,43.43549589858315,1.4081757376158626,4.055223576545683,0.16778523489932887,0.7101386377335744,4.217814692825433
Qwen/Qwen2.5-7B,Qwen2.5-7B,151665,ar,2.575744434807748,2.6227222697810935,4.744955362602421,0.2209453599306158,0.38128322297864403,2.3419733638837177
Qwen/Qwen2.5-7B,Qwen2.5-7B,151665,hi,4.49415123883209,1.0921972831459852,2.7763538500970304,0.03850050658561297,0.915585504039693,3.9110697407990833
Qwen/Qwen2.5-7B,Qwen2.5-7B,151665,de,2.294390073400909,3.465814532040834,3.5299390923908383,0.3461202376791332,0.2885324620677706,1.66933982528999
Qwen/Qwen2.5-7B,Qwen2.5-7B,151665,tr,2.970036613614287,2.910802662267478,3.2123556516297858,0.14361503399835612,0.3435478512380543,2.5173993985393097
Qwen/Qwen2.5-7B,Qwen2.5-7B,151665,ko,3.1130505709624794,1.4254119797882334,3.3192494223395883,0.0799347471451876,0.7015515613588186,2.8199198052413004
Qwen/Qwen2.5-7B,Qwen2.5-7B,151665,th,15.110736368746487,1.8255946853346667,5.230587899135653,0.1225407532321529,0.5477667129693033,2.0047257625662325
Qwen/Qwen2.5-7B,Qwen2.5-7B,151665,ru,3.0961287678378477,2.623896131202691,4.744309819175778,0.19620701218376244,0.38111264699401004,5.448661033939567
Qwen/Qwen2.5-7B,Qwen2.5-7B,151665,fr,2.061056543668702,3.693923210161663,3.828810623556582,0.43243960711441465,0.27071488580192643,0.9921237290562795
Qwen/Qwen2.5-7B,Qwen2.5-7B,151665,es,1.9865403251857434,3.508285609845254,3.57627634945778,0.44621513944223107,0.2850395068160111,1.1752828297293427
Qwen/Qwen2.5-7B,Qwen2.5-7B,151665,pt,2.1314205738278518,3.503144177589211,3.614781422835063,0.3778166550034989,0.28545784852286,1.8901618215666618
Qwen/Qwen2.5-7B,Qwen2.5-7B,151665,vi,2.1038688312737257,3.370783943194182,4.3532611807822255,0.12826104514982634,0.2966668931774939,1.250393813547186
Qwen/Qwen2.5-7B,Qwen2.5-7B,151665,id,2.52831678700361,3.3968134676085975,3.399519013978656,0.1641471119133574,0.2943935572370459,1.4291135615065158
Qwen/Qwen2.5-14B,Qwen2.5-14B,151665,en,1.566638330027392,5.093870829156523,5.098095374480883,0.635590818928875,0.19631436161988164,1.0
Qwen/Qwen2.5-14B,Qwen2.5-14B,151665,zh,12.116815476190476,1.7387819063978542,4.210619895729741,0.36235119047619047,0.5751152552948109,2.3759845338679653
Qwen/Qwen2.5-14B,Qwen2.5-14B,151665,ja,43.43549589858315,1.4081757376158626,4.055223576545683,0.16778523489932887,0.7101386377335744,4.217814692825433
Qwen/Qwen2.5-14B,Qwen2.5-14B,151665,ar,2.575744434807748,2.6227222697810935,4.744955362602421,0.2209453599306158,0.38128322297864403,2.3419733638837177
Qwen/Qwen2.5-14B,Qwen2.5-14B,151665,hi,4.49415123883209,1.0921972831459852,2.7763538500970304,0.03850050658561297,0.915585504039693,3.9110697407990833
Qwen/Qwen2.5-14B,Qwen2.5-14B,151665,de,2.294390073400909,3.465814532040834,3.5299390923908383,0.3461202376791332,0.2885324620677706,1.66933982528999
Qwen/Qwen2.5-14B,Qwen2.5-14B,151665,tr,2.970036613614287,2.910802662267478,3.2123556516297858,0.14361503399835612,0.3435478512380543,2.5173993985393097
Qwen/Qwen2.5-14B,Qwen2.5-14B,151665,ko,3.1130505709624794,1.4254119797882334,3.3192494223395883,0.0799347471451876,0.7015515613588186,2.8199198052413004
Qwen/Qwen2.5-14B,Qwen2.5-14B,151665,th,15.110736368746487,1.8255946853346667,5.230587899135653,0.1225407532321529,0.5477667129693033,2.0047257625662325
Qwen/Qwen2.5-14B,Qwen2.5-14B,151665,ru,3.0961287678378477,2.623896131202691,4.744309819175778,0.19620701218376244,0.38111264699401004,5.448661033939567
Qwen/Qwen2.5-14B,Qwen2.5-14B,151665,fr,2.061056543668702,3.693923210161663,3.828810623556582,0.43243960711441465,0.27071488580192643,0.9921237290562795
Qwen/Qwen2.5-14B,Qwen2.5-14B,151665,es,1.9865403251857434,3.508285609845254,3.57627634945778,0.44621513944223107,0.2850395068160111,1.1752828297293427
Qwen/Qwen2.5-14B,Qwen2.5-14B,151665,pt,2.1314205738278518,3.503144177589211,3.614781422835063,0.3778166550034989,0.28545784852286,1.8901618215666618
Qwen/Qwen2.5-14B,Qwen2.5-14B,151665,vi,2.1038688312737257,3.370783943194182,4.3532611807822255,0.12826104514982634,0.2966668931774939,1.250393813547186
Qwen/Qwen2.5-14B,Qwen2.5-14B,151665,id,2.52831678700361,3.3968134676085975,3.399519013978656,0.1641471119133574,0.2943935572370459,1.4291135615065158
google/gemma-2-9b,Gemma-2-9B,256000,en,1.4168319637291018,5.181804938451453,5.186102410954913,0.7287239066780014,0.1929829493540996,1.0
google/gemma-2-9b,Gemma-2-9B,256000,zh,12.16889880952381,1.7056284734539435,4.130335816483386,0.4453125,0.5862941523103053,2.463981353339646
google/gemma-2-9b,Gemma-2-9B,256000,ja,36.97986577181208,1.6374188199530193,4.715391144712687,0.1953765846383296,0.6107172995780591,3.6899264330978223
google/gemma-2-9b,Gemma-2-9B,256000,ar,2.4783174327840416,2.9098063159322956,5.264339744242054,0.2048279849667534,0.34366548540520375,2.1473523199067666
google/gemma-2-9b,Gemma-2-9B,256000,hi,2.4672561481072117,2.451228531514504,6.230996795135179,0.2848853274385189,0.40795869791142847,1.7727438269356837
google/gemma-2-9b,Gemma-2-9B,256000,de,1.8503145753233134,4.139446721311476,4.216034836065574,0.5174764068507515,0.24157817875795154,1.4218078519921333
google/gemma-2-9b,Gemma-2-9B,256000,tr,2.6237017111260554,3.276178890418414,3.615584082978519,0.1794067100052305,0.30523363755398775,2.2752567557724523
google/gemma-2-9b,Gemma-2-9B,256000,ko,3.140130505709625,1.4163491863252176,3.2981455784029268,0.08784665579119086,0.7060405792970768,2.886954621603904
google/gemma-2-9b,Gemma-2-9B,256000,th,10.934794828555368,2.5294699856485376,7.24729054288118,0.1528948847667229,0.39533973744448575,1.4718479131764877
google/gemma-2-9b,Gemma-2-9B,256000,ru,2.514661500055889,3.2798055126646735,5.930270376819212,0.24348895264354112,0.30489612757176915,4.434263238400466
google/gemma-2-9b,Gemma-2-9B,256000,fr,1.7892221927263074,4.194640222914276,4.347811834125554,0.5485797717016193,0.23839946857354982,0.888775584529099
google/gemma-2-9b,Gemma-2-9B,256000,es,1.676429417465274,4.165882948708674,4.246617955581278,0.572628405297728,0.24004515064686985,1.0068468205987327
google/gemma-2-9b,Gemma-2-9B,256000,pt,1.8024492652204338,4.109131304154633,4.240079982226172,0.5072778166550035,0.2433604394653748,1.6392308252603978
google/gemma-2-9b,Gemma-2-9B,256000,vi,1.892819643001373,3.4816348258117937,4.496421600520494,0.2722720297229626,0.2872213916825224,1.2314808070507683
google/gemma-2-9b,Gemma-2-9B,256000,id,1.9433664259927799,4.607026365860288,4.6106958412612125,0.4029783393501805,0.21705975190642654,1.0718916162866925
mistralai/Mistral-7B-v0.3,Mistral-7B-v0.3,32768,en,1.4761499952772268,4.413487189031578,4.41714746572368,0.7305185604987249,0.22657820384869484,1.0
mistralai/Mistral-7B-v0.3,Mistral-7B-v0.3,32768,zh,19.502232142857142,1.081621175764847,2.6192449010197962,0.3601190476190476,0.9245381122395924,3.3093864383646627
mistralai/Mistral-7B-v0.3,Mistral-7B-v0.3,32768,ja,66.84190902311708,0.9182080828877893,2.6442289598069495,0.14988814317673377,1.0890777576853525,5.604504001488926
mistralai/Mistral-7B-v0.3,Mistral-7B-v0.3,32768,ar,5.385877421220005,1.1438324199634653,2.0693894422443564,0.004553339115351257,0.8742539401286953,4.652707984366276
mistralai/Mistral-7B-v0.3,Mistral-7B-v0.3,32768,hi,5.567007460624482,0.9782084706576811,2.4865955039598604,0.02275029934604403,1.0222769787790404,3.7835473664619395
mistralai/Mistral-7B-v0.3,Mistral-7B-v0.3,32768,de,2.2011534428521498,3.0751255898919165,3.132021616684427,0.46006641034603285,0.32518997054528354,1.6301259383336435
mistralai/Mistral-7B-v0.3,Mistral-7B-v0.3,32768,tr,3.7780766644250168,2.0105302449853637,2.2188169191175025,0.08921766420085182,0.4973812269147335,3.157826167876419
mistralai/Mistral-7B-v0.3,Mistral-7B-v0.3,32768,ko,4.862642740619902,0.9264907329471374,2.1574491261078377,0.010195758564437194,1.0793416107023888,3.7589800856132514
mistralai/Mistral-7B-v0.3,Mistral-7B-v0.3,32768,th,28.45250140528387,1.003809972701742,2.876058052986115,0.03653738055087127,0.9962044880950052,3.1589428624604503
mistralai/Mistral-7B-v0.3,Mistral-7B-v0.3,32768,ru,2.926711129326726,2.4003750811473634,4.340157726431199,0.25585901114050447,0.41660155858725484,5.160493827160494
mistralai/Mistral-7B-v0.3,Mistral-7B-v0.3,32768,fr,1.9949561985664985,3.2811718699916663,3.4009872427719725,0.5124767719670825,0.30476916163569934,0.9677399342390968
mistralai/Mistral-7B-v0.3,Mistral-7B-v0.3,32768,es,1.923333692257995,3.1292794261493317,3.1899250081512878,0.5181436416496178,0.3195623860380307,1.1416340964079656
mistralai/Mistral-7B-v0.3,Mistral-7B-v0.3,32768,pt,2.0859342197340798,3.035284077854728,3.1320116847736896,0.44457662701189643,0.3294584540853843,1.8901296606489237
mistralai/Mistral-7B-v0.3,Mistral-7B-v0.3,32768,vi,2.808254583636217,1.6585145948382733,2.1419193057590444,0.09651885954284792,0.6029491709703724,2.2018735653576527
mistralai/Mistral-7B-v0.3,Mistral-7B-v0.3,32768,id,2.8918095667870034,2.5956966193192694,2.5977640797886594,0.09995487364620939,0.3852530347950499,1.6203858800173707
mistralai/Mistral-Nemo-Base-2407,Mistral-Nemo-12B,131072,en,1.6691225087371304,4.966906374362913,4.971025623123647,0.5870407103050912,0.20133256490631282,1.0
mistralai/Mistral-Nemo-Base-2407,Mistral-Nemo-12B,131072,zh,15.533854166666666,1.3681589680356634,3.313122450915299,0.33779761904761907,0.7309092169572602,2.9443552328422817
mistralai/Mistral-Nemo-Base-2407,Mistral-Nemo-12B,131072,ja,46.60253542132737,1.3151010701545778,3.7871898533491875,0.1610738255033557,0.7603978300180831,4.403756196327585
mistralai/Mistral-Nemo-Base-2407,Mistral-Nemo-12B,131072,ar,2.370265972824516,3.4476328269431717,6.237360340808617,0.24371205550737207,0.29005408934066956,1.7372058926202611
mistralai/Mistral-Nemo-Base-2407,Mistral-Nemo-12B,131072,hi,2.615271253569126,2.5485069844931436,6.4782775855440216,0.25679285253753337,0.3923866036407523,1.6343643091531104
mistralai/Mistral-Nemo-Base-2407,Mistral-Nemo-12B,131072,de,2.126529185599441,3.986481819527357,4.060239775025901,0.39365606431317723,0.2508477512932848,1.4151364937513091
mistralai/Mistral-Nemo-Base-2407,Mistral-Nemo-12B,131072,tr,2.8214899499364865,3.180272848752292,3.5097423785698747,0.14966748860494658,0.31443842951787215,2.2466662012148295
mistralai/Mistral-Nemo-Base-2407,Mistral-Nemo-12B,131072,ko,2.990619902120718,1.6999878868633032,3.958633638180607,0.10464926590538336,0.5882394855442934,2.3055225860504085
mistralai/Mistral-Nemo-Base-2407,Mistral-Nemo-12B,131072,th,14.497470489038786,1.9480524430215718,5.5814467566125465,0.11691961776278809,0.5133332029033709,1.8318787963415486
mistralai/Mistral-Nemo-Base-2407,Mistral-Nemo-12B,131072,ru,2.8306568799135587,3.079395434916718,5.56790561381863,0.2049256678713812,0.3247390668509726,4.526984570271591
mistralai/Mistral-Nemo-Base-2407,Mistral-Nemo-12B,131072,fr,1.9632333421821078,4.314143627781524,4.47167902899528,0.4405362357313512,0.23179571342047164,0.8283180897856595
mistralai/Mistral-Nemo-Base-2407,Mistral-Nemo-12B,131072,es,1.9147195003768709,4.038785243372142,4.117057090756067,0.4654893937762464,0.24759920118086307,0.9954618445856315
mistralai/Mistral-Nemo-Base-2407,Mistral-Nemo-12B,131072,pt,2.054933519944017,3.9870656204190738,4.114124342502372,0.396850944716585,0.2508110212379428,1.6193534873978914
mistralai/Mistral-Nemo-Base-2407,Mistral-Nemo-12B,131072,vi,2.1305225749131735,3.396065308948249,4.385911267524375,0.11404571520878766,0.29445841261212286,1.2101515045730642
mistralai/Mistral-Nemo-Base-2407,Mistral-Nemo-12B,131072,id,2.394291516245487,4.000531067445565,4.003717472118959,0.18400270758122744,0.24996681269082702,1.183201843189276
microsoft/Phi-3-mini-4k-instruct,Phi-3-mini,32011,en,1.524416737508265,4.274529832361954,4.278074866310161,0.701898554831397,0.23394385797219605,1.0
microsoft/Phi-3-mini-4k-instruct,Phi-3-mini,32011,zh,24.133928571428573,0.8770292454550982,2.1238067732717214,0.35788690476190477,1.1402128323338765,3.9528931082136634
microsoft/Phi-3-mini-4k-instruct,Phi-3-mini,32011,ja,70.79120059656972,0.8673693456302152,2.4978250413033023,0.15137956748695003,1.1529113924050634,5.746199603436881
microsoft/Phi-3-mini-4k-instruct,Phi-3-mini,32011,ar,5.4797629372651055,1.12468206728374,2.034743162807772,0.004553339115351257,0.8891401659983214,4.582947785855915
microsoft/Phi-3-mini-4k-instruct,Phi-3-mini,32011,hi,5.729206963249516,0.9507402508406508,2.4167715820172435,0.02321083172147002,1.0518119950383855,3.770293817220453
microsoft/Phi-3-mini-4k-instruct,Phi-3-mini,32011,de,2.0613421880461376,3.267896141713176,3.328358812585942,0.49685424676686474,0.30600727704759784,1.4856696509042842
microsoft/Phi-3-mini-4k-instruct,Phi-3-mini,32011,tr,3.7051483224986925,2.049670532155661,2.262012057121112,0.11208249271463798,0.4878832887099611,3.0
microsoft/Phi-3-mini-4k-instruct,Phi-3-mini,32011,ko,6.385154975530179,0.7082907503438182,1.6493432756728112,0.01035889070146819,1.411849582271942,4.762182298864388
microsoft/Phi-3-mini-4k-instruct,Phi-3-mini,32011,th,30.310286677908937,0.9426442653486528,2.700809619534146,0.03316469926925239,1.060845577446051,3.2580063690440424
microsoft/Phi-3-mini-4k-instruct,Phi-3-mini,32011,ru,2.663921904690935,2.6174296051596664,4.732617586912065,0.29118074443906256,0.38205420998858103,4.583548639067476
microsoft/Phi-3-mini-4k-instruct,Phi-3-mini,32011,fr,1.8948765595964958,3.442030934767989,3.567720242098184,0.55110167241837,0.29052615126116094,0.8934687255903383
microsoft/Phi-3-mini-4k-instruct,Phi-3-mini,32011,es,1.840099063206633,3.2622365737593473,3.3254588715159756,0.5545386023473673,0.3065381609794217,1.060626089046446
microsoft/Phi-3-mini-4k-instruct,Phi-3-mini,32011,pt,1.9680895731280617,3.2120875303924974,3.3144494616186178,0.49223233030090974,0.3113240192049829,1.7298563960824371
microsoft/Phi-3-mini-4k-instruct,Phi-3-mini,32011,vi,2.9002503836523705,1.606857205252095,2.075205415881855,0.09845731362571683,0.6223328350095134,2.201105569909271
microsoft/Phi-3-mini-4k-instruct,Phi-3-mini,32011,id,2.8564981949458486,2.626772568771794,2.6288647810925996,0.10333935018050541,0.38069531100196174,1.5508021390374331
microsoft/phi-4,Phi-4,100352,en,1.554642486067819,5.140988582165053,5.145252204075733,0.6356852743931236,0.19451511786452258,1.0
microsoft/phi-4,Phi-4,100352,zh,21.0,1.0156846867463516,2.4595736440931577,0.3515625,0.9845575236576658,4.105145252204076
microsoft/phi-4,Phi-4,100352,ja,66.16181953765846,0.9287353747970666,2.6745451491910655,0.15883668903803133,1.0767329716696805,6.454328660211013
microsoft/phi-4,Phi-4,100352,ar,4.383347788378144,1.4533256531020229,2.6293158946904756,0.011780861520670713,0.6880770306817122,4.265500794912559
microsoft/phi-4,Phi-4,100352,hi,5.18780510269872,1.02640951086489,2.609122034306557,0.028737220226581928,0.9742700056991518,4.2002457002457
microsoft/phi-4,Phi-4,100352,de,2.2812827682628454,3.5047495120364345,3.5695944480589894,0.3341488989863684,0.28532709586396376,1.6660644601821073
microsoft/phi-4,Phi-4,100352,tr,3.147126952103415,2.55423551140618,2.8188488993161283,0.14197115743854144,0.39150657624733726,2.8953606012429542
microsoft/phi-4,Phi-4,100352,ko,4.4352365415986945,1.0088417647587384,2.3492137658370025,0.043556280587275696,0.9912357268824483,4.021173579997109
microsoft/phi-4,Phi-4,100352,th,26.356942102304664,1.0564247772978113,3.0268069363206083,0.0567734682405846,0.9465889304090935,3.4963867610926433
microsoft/phi-4,Phi-4,100352,ru,3.7468609113603337,1.9746820420515458,3.570455129853433,0.17970118111703118,0.5064106416651641,7.306980777569013
microsoft/phi-4,Phi-4,100352,fr,2.075922484735864,3.7194244604316546,3.855243078264661,0.4281921953809397,0.2688588007736944,0.994435612082671
microsoft/phi-4,Phi-4,100352,es,1.9409927856142997,3.5970391654694236,3.6667499531513523,0.4514913319694196,0.27800642528436226,1.1568868333574216
microsoft/phi-4,Phi-4,100352,pt,2.0997900629811057,3.546266825171607,3.65927829121448,0.37774667599720085,0.2819866776244647,1.8844486197427375
microsoft/phi-4,Phi-4,100352,vi,2.362733220256845,2.1347646333502577,2.756981214187278,0.09781116226476053,0.4684357162272357,1.9926289926289926
microsoft/phi-4,Phi-4,100352,id,2.5039485559566788,3.433976599301018,3.436711745935268,0.1655009025270758,0.29120757555644056,1.4267235149588091
01-ai/Yi-1.5-9B,Yi-1.5-9B,63992,en,1.6657221120241805,4.717572944297082,4.721485411140583,0.6019646736563711,0.2119734049282411,1.0
01-ai/Yi-1.5-9B,Yi-1.5-9B,63992,zh,12.272693452380953,1.6928177443961976,4.099313460861401,0.30766369047619047,0.5907310478699435,2.260212201591512
01-ai/Yi-1.5-9B,Yi-1.5-9B,63992,ja,68.19090231170767,0.8906617418100995,2.564901807093082,0.1558538404175988,1.1227606992163954,6.175928381962865
01-ai/Yi-1.5-9B,Yi-1.5-9B,63992,ar,6.319239664642961,0.8808296539685799,1.5935722353424375,0.006432494940734316,1.1352932947869065,6.458222811671088
01-ai/Yi-1.5-9B,Yi-1.5-9B,63992,hi,10.969144330846458,0.4588159291218679,1.1663052004983618,0.02256608639587363,2.1795232827114552,8.622413793103448
01-ai/Yi-1.5-9B,Yi-1.5-9B,63992,de,2.6980076896190144,2.5660389342310013,2.6135158309250848,0.28512757777001047,0.38970570035395163,2.088129973474801
01-ai/Yi-1.5-9B,Yi-1.5-9B,63992,tr,3.7750877979526263,1.9752176178803729,2.179845978653182,0.10147201673765224,0.506273329555004,3.435742705570292
01-ai/Yi-1.5-9B,Yi-1.5-9B,63992,ko,7.271451876019576,0.5540017763742229,1.2900621730977992,0.031239804241435562,1.8050483638242159,6.719496021220159
01-ai/Yi-1.5-9B,Yi-1.5-9B,63992,th,70.22147273749297,0.40315023977788994,1.1550826602725897,0.03822372119168072,2.48046485238589,8.407427055702918
01-ai/Yi-1.5-9B,Yi-1.5-9B,63992,ru,3.719028279742166,1.936625250967498,3.501644018971688,0.17835984947278213,0.5163621611875714,6.836936339522547
01-ai/Yi-1.5-9B,Yi-1.5-9B,63992,fr,2.379214228829307,2.8936567164179103,2.9993215739484396,0.36740111494558003,0.34558349451966475,1.1729442970822281
01-ai/Yi-1.5-9B,Yi-1.5-9B,63992,es,2.2770539463766557,2.721922858763471,2.7746738513896765,0.4099278561429956,0.367387340453243,1.402917771883289
01-ai/Yi-1.5-9B,Yi-1.5-9B,63992,pt,2.4390482855143456,2.692325608477932,2.778123908233376,0.3452064380685794,0.3714260997447987,2.2777188328912468
01-ai/Yi-1.5-9B,Yi-1.5-9B,63992,vi,3.894273483563525,1.1758454685283954,1.5185673478356405,0.058880542767143204,0.850451889100299,3.3196949602122015
01-ai/Yi-1.5-9B,Yi-1.5-9B,63992,id,2.869923285198556,2.589351869533667,2.5914142764389108,0.1404557761732852,0.3861970293670811,1.7362732095490716
tiiuae/falcon-7b,Falcon-7B,65024,en,1.6129215075092094,4.8580305927342256,4.862059546571975,0.616132993293662,0.20584473088654925,1.0
tiiuae/falcon-7b,Falcon-7B,65024,zh,21.75967261904762,0.9663199852618534,2.3400324909142673,0.34412202380952384,1.034853894415751,4.077369571155422
tiiuae/falcon-7b,Falcon-7B,65024,ja,82.66442953020135,0.7364626707980787,2.1208438024380065,0.15510812826249068,1.3578420735382761,7.69140945096968
tiiuae/falcon-7b,Falcon-7B,65024,ar,5.888407054061868,0.9944241581174289,1.7990842172375818,0.007950274645851402,1.0056071062202743,5.890808522261677
tiiuae/falcon-7b,Falcon-7B,65024,hi,8.028553007276411,0.6716352378271883,1.7072896144103575,0.025237174173344385,1.488903416138657,6.065624146408085
tiiuae/falcon-7b,Falcon-7B,65024,de,2.2645927997203774,3.40735430547356,3.4703972337016107,0.34778049632995456,0.2934828345833024,1.6193662933624693
tiiuae/falcon-7b,Falcon-7B,65024,tr,3.540162893222745,2.1243409307925436,2.344418150869764,0.1409250541732048,0.4707342336180109,3.289674952198853
tiiuae/falcon-7b,Falcon-7B,65024,ko,8.864029363784665,0.4954109818733784,1.153626206823517,0.016721044045676998,2.0185261057769384,7.7379131384867526
tiiuae/falcon-7b,Falcon-7B,65024,th,50.46486790331647,0.5648219771476563,1.6182951355890998,0.05508712759977515,1.7704693522195918,6.179595738869161
tiiuae/falcon-7b,Falcon-7B,65024,ru,6.978911285815418,1.015672450365487,1.8364540890292846,0.098811431126346,0.9845693851793978,13.424405900027315
tiiuae/falcon-7b,Falcon-7B,65024,fr,2.06809131935227,3.6989954469899544,3.834068078340681,0.42912131669763737,0.27034366879628,0.9448921059819722
tiiuae/falcon-7b,Falcon-7B,65024,es,2.0303650263809625,3.4389369961182443,3.5055837563451777,0.43835468935070526,0.2907875314752106,1.1434717290357825
tiiuae/falcon-7b,Falcon-7B,65024,pt,2.1610916724982507,3.412020809504483,3.5207541600560823,0.3655703289013296,0.2930814481595225,1.8507921332969135
tiiuae/falcon-7b,Falcon-7B,65024,vi,3.2351183264679753,1.4473923627332859,1.869261599744277,0.10596882319683386,0.6908976624082631,2.777178366566512
tiiuae/falcon-7b,Falcon-7B,65024,id,2.698668772563177,2.829472893451859,2.831726555652936,0.15579873646209386,0.3534227178193725,1.6362332695984703
bigscience/bloom-7b1,BLOOM-7B,250680,en,1.618022102578634,5.009576790366876,5.01373142736427,0.5908189288750354,0.1996176607019862,1.0
bigscience/bloom-7b1,BLOOM-7B,250680,zh,10.853050595238095,1.9532821016283557,4.7300517959308035,0.35342261904761907,0.5119588200630871,2.080064784170129
bigscience/bloom-7b1,BLOOM-7B,250680,ja,52.012677106636836,1.1745299048482103,3.3823770956048933,0.16256524981357195,0.8514044605183846,4.973170903457503
bigscience/bloom-7b1,BLOOM-7B,250680,ar,2.1467187048279848,3.789380687339871,6.855640957681774,0.29575021682567215,0.2638953651030495,1.5941130906274206
bigscience/bloom-7b1,BLOOM-7B,250680,hi,1.76328635903104,3.5661426265766036,9.065096538944347,0.5028092474900986,0.28041503235106774,1.1780156327019224
bigscience/bloom-7b1,BLOOM-7B,250680,de,2.3236630548759174,3.3425167535368576,3.4043600562587906,0.3417511359664453,0.29917576297616394,1.702274487712133
bigscience/bloom-7b1,BLOOM-7B,250680,tr,3.1305387431816483,2.484293829198427,2.7416614070010197,0.15385190166629306,0.4025288749047275,2.90078163509612
bigscience/bloom-7b1,BLOOM-7B,250680,ko,4.435725938009788,0.9010175911658963,2.098131741140216,0.03613376835236542,1.1098562445445963,4.387296669248644
bigscience/bloom-7b1,BLOOM-7B,250680,th,27.933670601461497,1.0046583850931676,2.87848887491155,0.06408094435075885,0.9953632148377125,3.582564608126188
bigscience/bloom-7b1,BLOOM-7B,250680,ru,3.5849696337419426,2.0494744621448513,3.7056885367055346,0.2051492231454227,0.48792996373980807,6.860361946341807
bigscience/bloom-7b1,BLOOM-7B,250680,fr,1.7547119723918236,4.89648904620683,5.075289390605568,0.5124767719670825,0.20422796631694118,0.7360749243011055
bigscience/bloom-7b1,BLOOM-7B,250680,es,1.7128243781630237,4.70427252675435,4.795441548893065,0.522666092387208,0.21257271858991056,0.8619815505950286
bigscience/bloom-7b1,BLOOM-7B,250680,pt,1.7809657102869139,4.704003255506384,4.853909151024975,0.48866340097970606,0.21258488688957136,1.3843391310471094
bigscience/bloom-7b1,BLOOM-7B,250680,vi,1.5922784912365722,3.8869519281563654,5.019875858425779,0.5202326144899443,0.25727099755368305,1.0664037743820858
bigscience/bloom-7b1,BLOOM-7B,250680,id,1.9654783393501805,5.271928460342147,5.2761275272161745,0.358528880866426,0.18968390931752144,0.9055700302795577
CohereForAI/c4ai-command-r-v01,Command-R-35B,255029,en,1.4773779163124587,5.136163453902245,5.140423074146271,0.6898082554075753,0.19469785355842623,1.0
CohereForAI/c4ai-command-r-v01,Command-R-35B,255029,zh,11.608258928571429,1.777784624865198,4.305068556462794,0.41108630952380953,0.56249783354709,2.343152118980579
CohereForAI/c4ai-command-r-v01,Command-R-35B,255029,ja,36.19686800894855,1.6543677702433186,4.764200239329877,0.19388516032811334,0.604460518384569,3.619955237888961
CohereForAI/c4ai-command-r-v01,Command-R-35B,255029,ar,2.5450997398091935,2.8988915923222494,5.244593133279265,0.1900115640358485,0.3449594329944978,2.1364522417153995
CohereForAI/c4ai-command-r-v01,Command-R-35B,255029,hi,3.7913788339320256,1.455534681728353,3.69995364383829,0.08197476282582665,0.6870327533608234,2.9591365244386685
CohereForAI/c4ai-command-r-v01,Command-R-35B,255029,de,2.033467319119189,3.9597177300793884,4.032980495932569,0.42756029360363507,0.25254325387985443,1.4732510288065843
CohereForAI/c4ai-command-r-v01,Command-R-35B,255029,tr,2.5438989763132334,3.9015630956919556,4.305756767060617,0.1868041545243966,0.2563075299497743,1.8937260847592232
CohereForAI/c4ai-command-r-v01,Command-R-35B,255029,ko,2.6607667210440455,1.8500807434993245,4.308143558646146,0.16688417618270798,0.5405169496054296,2.190672153635117
CohereForAI/c4ai-command-r-v01,Command-R-35B,255029,th,27.73468240584598,1.0048756512336576,2.879111373242898,0.05396290050590219,0.9951480053998004,3.672298029023175
CohereForAI/c4ai-command-r-v01,Command-R-35B,255029,ru,2.441223592533254,3.706891430268825,6.702491459973266,0.2630127799098327,0.26976781457218985,3.8888166919356
CohereForAI/c4ai-command-r-v01,Command-R-35B,255029,fr,1.7962569684098753,4.340117018570338,4.498600864919868,0.526280860100876,0.23040853408358244,0.8514186701321205
CohereForAI/c4ai-command-r-v01,Command-R-35B,255029,es,1.7506191450414559,4.261136599082433,4.343717626165458,0.524819640357489,0.23467916992272292,0.9756696267417515
CohereForAI/c4ai-command-r-v01,Command-R-35B,255029,pt,1.819594121763471,4.476522412624649,4.619179010552813,0.4825052484254724,0.22338768977896967,1.4914446610353043
CohereForAI/c4ai-command-r-v01,Command-R-35B,255029,vi,1.7832969873192794,3.615724815724816,4.669594594594595,0.37291010419190695,0.27656972003261754,1.1753663995379395
CohereForAI/c4ai-command-r-v01,Command-R-35B,255029,id,2.0313628158844765,4.76705104767262,4.770847981999719,0.32976083032490977,0.20977329380356063,1.02678506967006
stabilityai/stablelm-2-12b,StableLM-2-12B,100289,en,1.566921696420138,5.093141466208476,5.097365406643757,0.635590818928875,0.19634247480355912,1.0
stabilityai/stablelm-2-12b,StableLM-2-12B,100289,zh,21.223958333333332,1.0050340538939888,2.4337821595917015,0.34933035714285715,0.9949911608721272,4.110037227949599
stabilityai/stablelm-2-12b,StableLM-2-12B,100289,ja,66.48844146159583,0.924203090704489,2.6614932091406414,0.15883668903803133,1.0820132610006028,6.4256156930126
stabilityai/stablelm-2-12b,StableLM-2-12B,100289,ar,4.401344319167389,1.4472205820328976,2.6182707718262335,0.010046256143394045,0.6909796698685069,4.243628293241695
stabilityai/stablelm-2-12b,StableLM-2-12B,100289,hi,5.198857879708943,1.0242947650361416,2.60374637295469,0.026987197199963158,0.9762814710516612,4.169745131729668
stabilityai/stablelm-2-12b,StableLM-2-12B,100289,de,2.3182453687521845,3.4416049067211856,3.505281540165261,0.3331003145753233,0.2905621147991386,1.6808419243986255
stabilityai/stablelm-2-12b,StableLM-2-12B,100289,tr,3.1815736381977135,2.5251807437017297,2.786784119229156,0.1378614660390047,0.3960112568156501,2.901417525773196
stabilityai/stablelm-2-12b,StableLM-2-12B,100289,ko,4.498531810766721,0.9949664132149377,2.3169032806933587,0.043393148450244695,1.005059051962164,4.03930412371134
stabilityai/stablelm-2-12b,StableLM-2-12B,100289,th,26.409780775716694,1.0543763021639128,3.020937764300596,0.0477796514896009,0.9484279928785241,3.4705756013745703
stabilityai/stablelm-2-12b,StableLM-2-12B,100289,ru,3.8394127948135175,1.9273345045271144,3.484845267283152,0.16446216326986848,0.5188512931466234,7.4168098510882015
stabilityai/stablelm-2-12b,StableLM-2-12B,100289,fr,2.1041943190868064,3.6627307857449547,3.7964791756118506,0.42673214759755773,0.273020338784362,1.0004295532646048
stabilityai/stablelm-2-12b,StableLM-2-12B,100289,es,1.9969850328416066,3.4838768225542984,3.5513945187246656,0.4454613976526327,0.28703655465833117,1.1833476517754868
stabilityai/stablelm-2-12b,StableLM-2-12B,100289,pt,2.142407277816655,3.465337630218092,3.5757700667016414,0.37319804058782363,0.2885721700765604,1.9105097365406645
stabilityai/stablelm-2-12b,StableLM-2-12B,100289,vi,2.3923754139407154,2.1067248845782185,2.7207687627500805,0.09482271222033761,0.4746704267463985,2.0003579610538376
stabilityai/stablelm-2-12b,StableLM-2-12B,100289,id,2.529106498194946,3.3956225583491935,3.3983271561654815,0.16369584837545126,0.2944968066433618,1.429410080183276
THUDM/glm-4-9b,GLM-4-9B,151329,en,1.5528478322470955,5.142103361040839,5.146367907481026,0.6359686407858695,0.19447294808900634,1.0
THUDM/glm-4-9b,GLM-4-9B,151329,zh,12.128348214285714,1.7443540828974817,4.224113432294343,0.36532738095238093,0.5732781032271482,2.3908203830863752
THUDM/glm-4-9b,GLM-4-9B,151329,ja,45.29455630126771,1.3517477389391346,3.892723865395584,0.17002237136465326,0.7397830018083182,4.435489700036141
THUDM/glm-4-9b,GLM-4-9B,151329,ar,2.905247181266262,2.465978670192888,4.4613792508695775,0.11607400982943047,0.40551851161055674,2.5144199494036865
THUDM/glm-4-9b,GLM-4-9B,151329,hi,5.188265635074146,1.0263212221304707,2.6088976052848887,0.02864511375149673,0.9743538167555064,4.201517889410915
THUDM/glm-4-9b,GLM-4-9B,151329,de,2.1743271583362462,3.7694532562045158,3.839195745474902,0.3699755330304089,0.26529046310734883,1.549403686302855
THUDM/glm-4-9b,GLM-4-9B,151329,tr,2.9020399013674063,2.919521866887285,3.2219781473768294,0.15048942688485392,0.3425218393949462,2.5336465486086013
THUDM/glm-4-9b,GLM-4-9B,151329,ko,3.575285481239804,1.2628394034148427,2.9406789193080334,0.055791190864600326,0.791866327021394,3.2130827611131187
THUDM/glm-4-9b,GLM-4-9B,151329,th,26.352445193929174,1.0565121230285868,3.027057194237169,0.05789769533445756,0.946510672431671,3.4968558005059633
THUDM/glm-4-9b,GLM-4-9B,151329,ru,2.7050560751145722,3.285364047716989,5.940320855614973,0.22974030328998846,0.30438027125027545,4.392844235634261
THUDM/glm-4-9b,GLM-4-9B,151329,fr,1.985266790549509,3.9073975112604016,4.050080158790747,0.44584550039819487,0.255924818787488,0.9468015901698591
THUDM/glm-4-9b,GLM-4-9B,151329,es,1.8992139549908473,3.815597667638484,3.889544129340048,0.46215139442231074,0.2620821394460363,1.0908565233104446
THUDM/glm-4-9b,GLM-4-9B,151329,pt,2.055773268019594,3.713299068422743,3.8316334725345325,0.39146256123163053,0.26930230546303907,1.8000722804481388
THUDM/glm-4-9b,GLM-4-9B,151329,vi,2.075680478152007,3.377747173925518,4.362253973718942,0.139164849365964,0.2960553139440065,1.2596313697144923
THUDM/glm-4-9b,GLM-4-9B,151329,id,2.4608528880866425,3.4710731107925454,3.4738378046283023,0.18197202166064982,0.2880953434517752,1.4117817130466208
allenai/OLMo-2-1124-7B-Instruct,OLMo-2-7B,100278,en,1.554642486067819,5.140988582165053,5.145252204075733,0.6356852743931236,0.19451511786452258,1.0
allenai/OLMo-2-1124-7B-Instruct,OLMo-2-7B,100278,zh,21.0,1.0156846867463516,2.4595736440931577,0.3515625,0.9845575236576658,4.105145252204076
allenai/OLMo-2-1124-7B-Instruct,OLMo-2-7B,100278,ja,66.16181953765846,0.9287353747970666,2.6745451491910655,0.15883668903803133,1.0767329716696805,6.454328660211013
allenai/OLMo-2-1124-7B-Instruct,OLMo-2-7B,100278,ar,4.383347788378144,1.4533256531020229,2.6293158946904756,0.011780861520670713,0.6880770306817122,4.265500794912559
allenai/OLMo-2-1124-7B-Instruct,OLMo-2-7B,100278,hi,5.18780510269872,1.02640951086489,2.609122034306557,0.028737220226581928,0.9742700056991518,4.2002457002457
allenai/OLMo-2-1124-7B-Instruct,OLMo-2-7B,100278,de,2.2812827682628454,3.5047495120364345,3.5695944480589894,0.3341488989863684,0.28532709586396376,1.6660644601821073
allenai/OLMo-2-1124-7B-Instruct,OLMo-2-7B,100278,tr,3.147126952103415,2.55423551140618,2.8188488993161283,0.14197115743854144,0.39150657624733726,2.8953606012429542
allenai/OLMo-2-1124-7B-Instruct,OLMo-2-7B,100278,ko,4.4352365415986945,1.0088417647587384,2.3492137658370025,0.043556280587275696,0.9912357268824483,4.021173579997109
allenai/OLMo-2-1124-7B-Instruct,OLMo-2-7B,100278,th,26.356942102304664,1.0564247772978113,3.0268069363206083,0.0567734682405846,0.9465889304090935,3.4963867610926433
allenai/OLMo-2-1124-7B-Instruct,OLMo-2-7B,100278,ru,3.7468609113603337,1.9746820420515458,3.570455129853433,0.17970118111703118,0.5064106416651641,7.306980777569013
allenai/OLMo-2-1124-7B-Instruct,OLMo-2-7B,100278,fr,2.075922484735864,3.7194244604316546,3.855243078264661,0.4281921953809397,0.2688588007736944,0.994435612082671
allenai/OLMo-2-1124-7B-Instruct,OLMo-2-7B,100278,es,1.9409927856142997,3.5970391654694236,3.6667499531513523,0.4514913319694196,0.27800642528436226,1.1568868333574216
allenai/OLMo-2-1124-7B-Instruct,OLMo-2-7B,100278,pt,2.0997900629811057,3.546266825171607,3.65927829121448,0.37774667599720085,0.2819866776244647,1.8844486197427375
allenai/OLMo-2-1124-7B-Instruct,OLMo-2-7B,100278,vi,2.362733220256845,2.1347646333502577,2.756981214187278,0.09781116226476053,0.4684357162272357,1.9926289926289926
allenai/OLMo-2-1124-7B-Instruct,OLMo-2-7B,100278,id,2.5039485559566788,3.433976599301018,3.436711745935268,0.1655009025270758,0.29120757555644056,1.4267235149588091
internlm/internlm2_5-7b-chat,InternLM2.5-7B,92544,en,1.6669500330594125,4.882034037880867,4.886082898709854,0.5799565504864457,0.20483265627415978,1.0
internlm/internlm2_5-7b-chat,InternLM2.5-7B,92544,zh,11.518973214285714,1.821850331544048,4.411777707609725,0.34226190476190477,0.5488925092724185,2.1733461432884984
internlm/internlm2_5-7b-chat,InternLM2.5-7B,92544,ja,56.8441461595824,1.0731751494294512,3.090498615675214,0.15958240119313946,0.9318143459915612,5.304282185012353
internlm/internlm2_5-7b-chat,InternLM2.5-7B,92544,ar,5.543581960104076,0.9510948500471201,1.720694051776706,0.008167100318010986,1.0514198451925767,6.18961021136426
internlm/internlm2_5-7b-chat,InternLM2.5-7B,92544,hi,9.227042461085015,0.5394081320807602,1.3711697212452192,0.02809247490098554,1.85388380435147,7.5898298105956625
internlm/internlm2_5-7b-chat,InternLM2.5-7B,92544,de,2.488116043341489,3.0845167201099404,3.1415865017559934,0.3035651869975533,0.3241998960421772,1.7976942080702718
internlm/internlm2_5-7b-chat,InternLM2.5-7B,92544,tr,3.6282597324964505,2.095029479200786,2.312070094988536,0.12852125831278488,0.4773202524966288,3.352182267362064
internlm/internlm2_5-7b-chat,InternLM2.5-7B,92544,ko,5.797308319738988,0.6767897186121091,1.575989197791334,0.03817292006525286,1.4775638170903327,5.692149327477354
internlm/internlm2_5-7b-chat,InternLM2.5-7B,92544,th,35.45868465430017,0.7896338637416963,2.2624131005716053,0.05283867341202923,1.266409719640796,4.442080702717541
internlm/internlm2_5-7b-chat,InternLM2.5-7B,92544,ru,6.268080032788107,1.030055405949175,1.8624601479555514,0.148813294086963,0.9708215637959012,13.30236069173758
internlm/internlm2_5-7b-chat,InternLM2.5-7B,92544,fr,2.294000530926467,3.117682889687519,3.2315282938417496,0.39806211839660205,0.3207510306156341,1.1266126818556135
internlm/internlm2_5-7b-chat,InternLM2.5-7B,92544,es,2.1527942284914396,3.0993003229278795,3.1593649085037674,0.4327554646279746,0.32265346878527396,1.2750480373318693
internlm/internlm2_5-7b-chat,InternLM2.5-7B,92544,pt,2.3577326801959413,2.9716893216362994,3.066390308171856,0.3614415675297411,0.33650893204723387,2.135533900631348
internlm/internlm2_5-7b-chat,InternLM2.5-7B,92544,vi,3.503674985865439,1.321153630344518,1.7062282572101897,0.0699458848235199,0.7569142430008154,3.0575761734833926
internlm/internlm2_5-7b-chat,InternLM2.5-7B,92544,id,2.683664259927798,3.1258702568122088,3.128359998155747,0.1509476534296029,0.31991091051226456,1.4884024155915454
HuggingFaceTB/SmolLM2-1.7B,SmolLM2-1.7B,49152,en,1.569283083026353,5.013460183227625,5.017618040873855,0.6386133937848305,0.19946303819176003,1.0
HuggingFaceTB/SmolLM2-1.7B,SmolLM2-1.7B,49152,zh,29.479910714285715,0.7175386452102325,1.7375856537040952,0.34151785714285715,1.393653159554924,5.666737138830162
HuggingFaceTB/SmolLM2-1.7B,SmolLM2-1.7B,49152,ja,106.43400447427292,0.574648941108009,1.6548573249554899,0.14615958240119314,1.740192887281495,10.172586328400282
HuggingFaceTB/SmolLM2-1.7B,SmolLM2-1.7B,49152,ar,5.500867302688638,1.0636050288888337,1.9242443028244105,0.006432494940734316,0.9401986384407349,5.683861874559549
HuggingFaceTB/SmolLM2-1.7B,SmolLM2-1.7B,49152,hi,5.620705535599153,0.9265103276906352,2.3551793756794535,0.02680298424979276,1.0793187837339502,4.53770260747005
HuggingFaceTB/SmolLM2-1.7B,SmolLM2-1.7B,49152,de,2.6589479203075848,2.6198690097918425,2.668341871473964,0.28949667948269836,0.38169847281007896,2.1735024665257225
HuggingFaceTB/SmolLM2-1.7B,SmolLM2-1.7B,49152,tr,3.7352611522080252,2.012863380669525,2.221391762715865,0.11170888440558918,0.4968047059743204,3.5829457364341084
HuggingFaceTB/SmolLM2-1.7B,SmolLM2-1.7B,49152,ko,8.671451876019576,0.5109727569791468,1.1898637393845062,0.01639477977161501,1.9570514990113472,7.742283298097251
HuggingFaceTB/SmolLM2-1.7B,SmolLM2-1.7B,49152,th,50.089938167509835,0.5621198957428323,1.6105532888297462,0.04047217537942664,1.7789799072642967,6.407963354474982
HuggingFaceTB/SmolLM2-1.7B,SmolLM2-1.7B,49152,ru,5.420097619136332,1.2872919984268925,2.3275738683618403,0.14847796117590073,0.7768245287176714,10.930725863284003
HuggingFaceTB/SmolLM2-1.7B,SmolLM2-1.7B,49152,fr,2.3190868064773027,2.978699877786184,3.087470174009195,0.38014335014600475,0.33571693726432605,1.2109231853417899
HuggingFaceTB/SmolLM2-1.7B,SmolLM2-1.7B,49152,es,2.233013890384408,2.7888899651297945,2.84293878341728,0.4121890815117907,0.35856559868021187,1.455109231853418
HuggingFaceTB/SmolLM2-1.7B,SmolLM2-1.7B,49152,pt,2.4078376487053883,2.7394614450336228,2.826761856800071,0.34919524142757175,0.3650352523898093,2.3789288231148698
HuggingFaceTB/SmolLM2-1.7B,SmolLM2-1.7B,49152,vi,3.408448429044504,1.379161687870481,1.7811438344930999,0.06154591713108796,0.72507814623539,3.0078224101479916
HuggingFaceTB/SmolLM2-1.7B,SmolLM2-1.7B,49152,id,2.8092283393501805,2.69474144441353,2.6968877936324973,0.14790162454873645,0.37109311621458174,1.7730091613812544
Qwen/Qwen2.5-0.5B,Qwen2.5-0.5B,151665,en,1.566638330027392,5.093870829156523,5.098095374480883,0.635590818928875,0.19631436161988164,1.0
Qwen/Qwen2.5-0.5B,Qwen2.5-0.5B,151665,zh,12.116815476190476,1.7387819063978542,4.210619895729741,0.36235119047619047,0.5751152552948109,2.3759845338679653
Qwen/Qwen2.5-0.5B,Qwen2.5-0.5B,151665,ja,43.43549589858315,1.4081757376158626,4.055223576545683,0.16778523489932887,0.7101386377335744,4.217814692825433
Qwen/Qwen2.5-0.5B,Qwen2.5-0.5B,151665,ar,2.575744434807748,2.6227222697810935,4.744955362602421,0.2209453599306158,0.38128322297864403,2.3419733638837177
Qwen/Qwen2.5-0.5B,Qwen2.5-0.5B,151665,hi,4.49415123883209,1.0921972831459852,2.7763538500970304,0.03850050658561297,0.915585504039693,3.9110697407990833
Qwen/Qwen2.5-0.5B,Qwen2.5-0.5B,151665,de,2.294390073400909,3.465814532040834,3.5299390923908383,0.3461202376791332,0.2885324620677706,1.66933982528999
Qwen/Qwen2.5-0.5B,Qwen2.5-0.5B,151665,tr,2.970036613614287,2.910802662267478,3.2123556516297858,0.14361503399835612,0.3435478512380543,2.5173993985393097
Qwen/Qwen2.5-0.5B,Qwen2.5-0.5B,151665,ko,3.1130505709624794,1.4254119797882334,3.3192494223395883,0.0799347471451876,0.7015515613588186,2.8199198052413004
Qwen/Qwen2.5-0.5B,Qwen2.5-0.5B,151665,th,15.110736368746487,1.8255946853346667,5.230587899135653,0.1225407532321529,0.5477667129693033,2.0047257625662325
Qwen/Qwen2.5-0.5B,Qwen2.5-0.5B,151665,ru,3.0961287678378477,2.623896131202691,4.744309819175778,0.19620701218376244,0.38111264699401004,5.448661033939567
Qwen/Qwen2.5-0.5B,Qwen2.5-0.5B,151665,fr,2.061056543668702,3.693923210161663,3.828810623556582,0.43243960711441465,0.27071488580192643,0.9921237290562795
Qwen/Qwen2.5-0.5B,Qwen2.5-0.5B,151665,es,1.9865403251857434,3.508285609845254,3.57627634945778,0.44621513944223107,0.2850395068160111,1.1752828297293427
Qwen/Qwen2.5-0.5B,Qwen2.5-0.5B,151665,pt,2.1314205738278518,3.503144177589211,3.614781422835063,0.3778166550034989,0.28545784852286,1.8901618215666618
Qwen/Qwen2.5-0.5B,Qwen2.5-0.5B,151665,vi,2.1038688312737257,3.370783943194182,4.3532611807822255,0.12826104514982634,0.2966668931774939,1.250393813547186
Qwen/Qwen2.5-0.5B,Qwen2.5-0.5B,151665,id,2.52831678700361,3.3968134676085975,3.399519013978656,0.1641471119133574,0.2943935572370459,1.4291135615065158
Qwen/Qwen3-8B,Qwen3-8B,151669,en,1.566638330027392,5.093870829156523,5.098095374480883,0.635590818928875,0.19631436161988164,1.0
Qwen/Qwen3-8B,Qwen3-8B,151669,zh,12.116815476190476,1.7387819063978542,4.210619895729741,0.36235119047619047,0.5751152552948109,2.3759845338679653
Qwen/Qwen3-8B,Qwen3-8B,151669,ja,43.43549589858315,1.4081757376158626,4.055223576545683,0.16778523489932887,0.7101386377335744,4.217814692825433
Qwen/Qwen3-8B,Qwen3-8B,151669,ar,2.575744434807748,2.6227222697810935,4.744955362602421,0.2209453599306158,0.38128322297864403,2.3419733638837177
Qwen/Qwen3-8B,Qwen3-8B,151669,hi,4.49415123883209,1.0921972831459852,2.7763538500970304,0.03850050658561297,0.915585504039693,3.9110697407990833
Qwen/Qwen3-8B,Qwen3-8B,151669,de,2.294390073400909,3.465814532040834,3.5299390923908383,0.3461202376791332,0.2885324620677706,1.66933982528999
Qwen/Qwen3-8B,Qwen3-8B,151669,tr,2.970036613614287,2.910802662267478,3.2123556516297858,0.14361503399835612,0.3435478512380543,2.5173993985393097
Qwen/Qwen3-8B,Qwen3-8B,151669,ko,3.1130505709624794,1.4254119797882334,3.3192494223395883,0.0799347471451876,0.7015515613588186,2.8199198052413004
Qwen/Qwen3-8B,Qwen3-8B,151669,th,15.110736368746487,1.8255946853346667,5.230587899135653,0.1225407532321529,0.5477667129693033,2.0047257625662325
Qwen/Qwen3-8B,Qwen3-8B,151669,ru,3.0961287678378477,2.623896131202691,4.744309819175778,0.19620701218376244,0.38111264699401004,5.448661033939567
Qwen/Qwen3-8B,Qwen3-8B,151669,fr,2.061056543668702,3.693923210161663,3.828810623556582,0.43243960711441465,0.27071488580192643,0.9921237290562795
Qwen/Qwen3-8B,Qwen3-8B,151669,es,1.9865403251857434,3.508285609845254,3.57627634945778,0.44621513944223107,0.2850395068160111,1.1752828297293427
Qwen/Qwen3-8B,Qwen3-8B,151669,pt,2.1314205738278518,3.503144177589211,3.614781422835063,0.3778166550034989,0.28545784852286,1.8901618215666618
Qwen/Qwen3-8B,Qwen3-8B,151669,vi,2.1038688312737257,3.370783943194182,4.3532611807822255,0.12826104514982634,0.2966668931774939,1.250393813547186
Qwen/Qwen3-8B,Qwen3-8B,151669,id,2.52831678700361,3.3968134676085975,3.399519013978656,0.1641471119133574,0.2943935572370459,1.4291135615065158
deepseek-ai/DeepSeek-V3,DeepSeek-V3,128815,en,1.5811844715216776,5.152158169177288,5.156431054461182,0.6231226976480589,0.1940934201093603,1.0
deepseek-ai/DeepSeek-V3,DeepSeek-V3,128815,zh,10.866443452380953,1.9478748185409,4.7169575638904835,0.3787202380952381,0.5133800131720337,2.1452056778679025
deepseek-ai/DeepSeek-V3,DeepSeek-V3,128815,ja,41.80164056674124,1.466013926690467,4.221784313032413,0.1715137956748695,0.6821217600964437,4.097769409038238
deepseek-ai/DeepSeek-V3,DeepSeek-V3,128815,ar,2.645200925122868,2.823142236556309,5.1075495293885345,0.1394911824226655,0.3542152382728714,2.2006083429895713
deepseek-ai/DeepSeek-V3,DeepSeek-V3,128815,hi,3.2241871603573733,1.7909399297529345,4.552550208639789,0.12379110251450677,0.5583660196453116,2.412442062572422
deepseek-ai/DeepSeek-V3,DeepSeek-V3,128815,de,2.1947745543516253,3.6949881104810682,3.76335284433876,0.36298497029010834,0.2706368654241232,1.5837195828505215
deepseek-ai/DeepSeek-V3,DeepSeek-V3,128815,tr,3.166255697526713,2.437489579611766,2.690008336310587,0.14555779720540984,0.41025816412280874,3.0406286210892235
deepseek-ai/DeepSeek-V3,DeepSeek-V3,128815,ko,3.221125611745514,1.4735280993254063,3.431293802661627,0.06615008156606851,0.6786433190231042,2.759052723059096
deepseek-ai/DeepSeek-V3,DeepSeek-V3,128815,th,10.027543563799888,2.737707552222817,7.84392072844135,0.16020236087689713,0.36526910961986186,1.352114716106605
deepseek-ai/DeepSeek-V3,DeepSeek-V3,128815,ru,2.788069600208652,3.044276392022931,5.504406293834238,0.2147620999292075,0.32848528557405293,4.75
deepseek-ai/DeepSeek-V3,DeepSeek-V3,128815,fr,2.0242898858508096,3.921167547690186,4.064353022293726,0.4224847358640828,0.25502608287908096,0.9453215527230591
deepseek-ai/DeepSeek-V3,DeepSeek-V3,128815,es,1.9430386561860666,3.73661670235546,3.809032509246642,0.44180036610315493,0.26762177650429797,1.1160921205098493
deepseek-ai/DeepSeek-V3,DeepSeek-V3,128815,pt,2.0767669699090274,3.752322986406979,3.8719009941164537,0.3785164450664801,0.26650157878800984,1.784834878331402
deepseek-ai/DeepSeek-V3,DeepSeek-V3,128815,vi,2.2067684355060173,2.430889944249432,3.139417716291555,0.1160649382117761,0.41137197608045667,1.7536935110081113
deepseek-ai/DeepSeek-V3,DeepSeek-V3,128815,id,2.3666516245487363,4.067494600431965,4.0707343412527,0.18896660649819494,0.24585158635337848,1.2071263035921205
